<?xml version="1.0" encoding="UTF-8" ?>
<!DOCTYPE mapper PUBLIC "-//mybatis.org//DTD Mapper 3.0//EN" "http://mybatis.org/dtd/mybatis-3-mapper.dtd" >
<mapper namespace="com.bluethink.cloudserviceuser.mapper.UserMapper">
    
    <resultMap id="UserResultMap" type="com.bluethink.cloudserviceuser.model.User">
        <id column="id" property="id"/>
        <result column="password" property="password"/>
        <result column="user_name" property="userName"/>
        <result column="nick_name" property="nickName"/>
        <result column="avatar" property="avatar"/>
        <result column="email" property="email"/>
        <result column="signature" property="signature"/>
        <result column="create_time" property="createTime"/>
        <result column="update_time" property="updateTime"/>
        <result column="del_flag" property="delFlag"/>
        </resultMap>
    
    <!-- 新增用户 -->
    <insert id="save" parameterType="com.bluethink.cloudserviceuser.model.User" useGeneratedKeys="true" keyProperty="id" >
        insert into t_user (
            password,
            user_name,
            nick_name,
            avatar,
            email,
            signature,
            create_time
        )
        values (
            #{password},
            #{userName},
            #{nickName},
            #{avatar},
            #{email},
            #{signature},
            now()
        );
    </insert>
    
    <!-- 查询用户 -->
    <select id="query" resultMap="UserResultMap">
        select
            id,
            user_name,
            nick_name,
            avatar,
            email,
            signature,
            create_time
        from
            t_user
        <where>
             <if test="userFilter.ids != null and userFilter.ids.size() > 0">
                 id in
                 <foreach collection="userFilter.ids" item="item" open="(" separator="," close=")" index="index">
                    #{item}
                 </foreach>
            </if>
            <if test="userFilter.username != null and userFilter.username !=''">
                and user_name like concat('%',#{userFilter.username},'%')
            </if>
            <if test="userFilter.nickName != null and userFilter.nickName !=''">
                and nick_name like concat('%',#{userFilter.nickName},'%')
            </if>
        </where>
    </select>

    <select id="verifyPassword" resultType="Integer">
        select
            id
        from
            t_user
        where
            user_name = #{username} and password = #{password}
    </select>


</mapper>