<?xml version="1.0" encoding="UTF-8"?>
<!DOCTYPE mapper PUBLIC "-//mybatis.org//DTD Mapper 3.0//EN" "http://mybatis.org/dtd/mybatis-3-mapper.dtd" >

<mapper namespace="com.bluethink.cloudserviceplugin.mapper.PluginMapper">
    <resultMap id="PluginResultMap" type="com.bluethink.cloudserviceplugin.model.Plugin">
        <id column="id" property="id"/>
        <result column="user_id" property="userId"/>
        <result column="name" property="name"/>
        <result column="icon" property="icon"/>
        <result column="vsersion" property="vsersion"/>
        <result column="tags" property="tags"/>
        <result column="description" property="description"/>
        <result column="create_time" property="createTime"/>
        <result column="update_time" property="updateTime"/>
        <result column="del_flag" property="delFlag"/>
    </resultMap>
    
    <sql id="TABLE_NAME">
        t_plugin
    </sql>
    <sql id="TABLE_COLUMNS">
        user_id,
        name,
        icon,
        vsersion,
        tags,
        description,
        create_time
    </sql>
    
    <insert id="save" parameterType="com.bluethink.cloudserviceplugin.model.Plugin" useGeneratedKeys="true" keyProperty="id" >
        insert into <include refid="TABLE_NAME" />(
            <include refid="TABLE_COLUMNS" />
        ) values(
            #{userId},
            #{name},
            #{icon},
            #{vsersion},
            #{tags},
            #{description},
            now()
        );
    </insert>
    
    <select id="query" resultMap="PluginResultMap">
        select
          *
        from
          t_plugin
        <where>
            <if test="pluginFilter.ids != null and pluginFilter.ids.size() > 0">
                id in
                <foreach collection="pluginFilter.ids" item="item" open="(" separator="," close=")" index="index">
                    #{item}
                </foreach>
            </if>
            <if test="pluginFilter.userId != null and pluginFilter.userId != ''">
                and user_id = #{pluginFilter.userId}
            </if>
            <if test="pluginFilter.name != null and pluginFilter.name != ''">
                and name like concat('%',#{pluginFilter.name},'%')
            </if>
            <if test="pluginFilter.tags != null and pluginFilter.tags != ''">
                and tags like concat('%',#{pluginFilter.tags},'%')
            </if>
        </where>
    </select>
    
    <update id="update" parameterType="com.bluethink.cloudserviceplugin.model.Plugin">
        update t_plugin
        <set>
            <if test="name != null and name != ''">
                name = #{name},
            </if>
            <if test="icon != null and icon != ''">
                icon = #{icon},
            </if>
            <if test="vsersion != null and vsersion != ''">
                vsersion = #{vsersion},
            </if>
            <if test="tags != null and tags != ''">
                tags = #{tags},
            </if>
            <if test="description != null and description != ''">
                description = #{description},
            </if>
            update_time = now()
        </set>
        where id=#{id};
    </update>
    
    <delete id="delete">
        delete from t_plugin where id=#{id}
    </delete>
    
</mapper>




