<?xml version="1.0" encoding="UTF-8" ?>
<!DOCTYPE mapper PUBLIC "-//mybatis.org//DTD Mapper 3.0//EN" "http://mybatis.org/dtd/mybatis-3-mapper.dtd" >
<mapper namespace="com.bluethink.mapper2.UserMapper2">
    
    <resultMap id="UserResultMap" type="com.bluethink.model.User">
        <id column="id" property="id"/>
        <result column="user_name" property="userName"/>
        <result column="nick_name" property="nickName"/>
        <result column="avatar" property="avatar"/>
        <result column="email" property="email"/>
        <result column="signature" property="signature"/>
        <result column="create_time" property="createTime"/>
        <result column="update_time" property="updateTime"/>
        <result column="del_flag" property="delFlag"/>
            <collection property="pluginList" column="{userId=id}" select="com.bluethink.mapper2.PluginMapper2.query"/>
        </resultMap>
    
    <!-- 新增用户 -->
    <insert id="save" parameterType="com.bluethink.model.User" useGeneratedKeys="true" keyProperty="id" >
        insert into t_user (
            user_name,
            nick_name,
            avatar,
            email,
            signature,
            create_time
        )
        values (
            #{userName},
            #{nickName},
            #{avatar},
            #{email},
            #{signature},
            now()
        );
    </insert>
    
    <!-- 查询用户 -->
    <select id="query" resultMap="UserResultMap">
        select * from t_user
        <where>
            <choose>
                <when test="id != null">
                    id = #{id}
                </when>
                <otherwise>
                     <if test="userName != null and userName !=''">
                        and user_name like concat('%',#{userName},'%')
                    </if>
                    <if test="nickName != null and nickName !=''">
                        and nick_name like concat('%',#{nickName},'%')
                    </if>
                </otherwise>
            </choose>
        </where>
    </select>

    <!-- 更新用户 -->
    <update id="update" parameterType="com.bluethink.model.User">
        update t_user
        <set>
            <if test="userName != null and userName != ''">
                user_name = #{userName},
            </if>
            <if test="nickName != null and nickName != ''">
                nick_name = #{nickName},
            </if>
            <if test="avatar != null and avatar != ''">
                avatar = #{avatar},
            </if>
            <if test="email != null and email != ''">
                email = #{email},
            </if>
            <if test="signature != null and signature != ''">
                signature = #{signature},
            </if>
            update_time = now()
        </set>
        where id = #{id}
    </update>
    
    <!-- 删除用户 -->
    <delete id="delete">
        delete from t_user where id = #{id};
    </delete>

</mapper>