{
	"info": {
		"_postman_id": "261d1ef7-f5fe-49a6-83fa-7476810cc1ca",
		"name": "cloud-demo",
		"schema": "https://schema.getpostman.com/json/collection/v2.1.0/collection.json"
	},
	"item": [
		{
			"name": "插件更新",
			"request": {
				"method": "POST",
				"header": [
					{
						"key": "Content-Type",
						"value": "application/json"
					},
					{
						"key": "token",
						"value": "eyJ1c2VySWQiOjEsImFsZyI6IkhTMjU2IiwidHlwIjoiSldUIn0.eyJuYmYiOjE1MzY4OTIyMDgsImlzcyI6Imh0dHA6Ly93d3cuYmx1ZXRoaW5rLmNuIiwidHlwIjoiSldUIiwiZXhwIjoxNTM2OTAzMDA4LCJhbGciOiJIUzI1NiIsImlhdCI6MTUzNjg5MjIwOH0.mLt4bthKvFo0_Y9-Offc8S64Ey1fK11pakbzwzCUxsY"
					}
				],
				"body": {
					"mode": "raw",
					"raw": "{\n\t\"id\":2,\n\t\"name\":\"33\"\n}"
				},
				"url": {
					"raw": "http://localhost:8041/my/plugin/update",
					"protocol": "http",
					"host": [
						"localhost"
					],
					"port": "8041",
					"path": [
						"my",
						"plugin",
						"update"
					]
				}
			},
			"response": []
		},
		{
			"name": "用户登陆",
			"request": {
				"method": "POST",
				"header": [
					{
						"key": "Content-Type",
						"value": "application/json"
					}
				],
				"body": {
					"mode": "raw",
					"raw": "{\n\t\"username\":\"李四\",\n\t\"password\":\"aaa\"\n}"
				},
				"url": {
					"raw": "http://localhost:8041/my/user/login?username=李四&password=aaa",
					"protocol": "http",
					"host": [
						"localhost"
					],
					"port": "8041",
					"path": [
						"my",
						"user",
						"login"
					],
					"query": [
						{
							"key": "username",
							"value": "李四"
						},
						{
							"key": "password",
							"value": "aaa"
						}
					]
				}
			},
			"response": []
		},
		{
			"name": "插件查询",
			"request": {
				"method": "POST",
				"header": [
					{
						"key": "Content-Type",
						"value": "application/json"
					}
				],
				"body": {
					"mode": "raw",
					"raw": "{}"
				},
				"url": {
					"raw": "http://localhost:8041/my/plugin/query?ids=2",
					"protocol": "http",
					"host": [
						"localhost"
					],
					"port": "8041",
					"path": [
						"my",
						"plugin",
						"query"
					],
					"query": [
						{
							"key": "ids",
							"value": "2"
						}
					]
				}
			},
			"response": []
		},
		{
			"name": "用户注册",
			"request": {
				"method": "POST",
				"header": [
					{
						"key": "Content-Type",
						"value": "application/json"
					}
				],
				"body": {
					"mode": "raw",
					"raw": "{\n\t\"password\":\"123\",\n\t\"userName\":\"水了\",\n\t\"nickName\":\"水了的昵称\",\n\t\"avatar\":\"aaaa.jpg\",\n\t\"email\":\"888@qq.com\",\n\t\"signature\":\"签名\"\n}"
				},
				"url": {
					"raw": "http://localhost:8041/my/user/create",
					"protocol": "http",
					"host": [
						"localhost"
					],
					"port": "8041",
					"path": [
						"my",
						"user",
						"create"
					]
				}
			},
			"response": []
		},
		{
			"name": "用户查询",
			"request": {
				"method": "POST",
				"header": [
					{
						"key": "Content-Type",
						"value": "application/json"
					}
				],
				"body": {},
				"url": {
					"raw": "http://localhost:8041/my/user/query?nickName=2&pageSize=1&pageNum=1",
					"protocol": "http",
					"host": [
						"localhost"
					],
					"port": "8041",
					"path": [
						"my",
						"user",
						"query"
					],
					"query": [
						{
							"key": "token",
							"value": "eyJ1c2VySWQiOjEsImFsZyI6IkhTMjU2IiwidHlwIjoiSldUIn0.eyJuYmYiOjE1MzY4OTA3OTcsImlzcyI6Imh0dHA6Ly93d3cuYmx1ZXRoaW5rLmNuIiwidHlwIjoiSldUIiwiZXhwIjoxNTM2OTAxNTk3LCJhbGciOiJIUzI1NiIsImlhdCI6MTUzNjg5MDc5N30.qOIEDo2PTpOgmIs-8v7yo95hfcDPYHmYhv1AL7rLUmQ",
							"disabled": true
						},
						{
							"key": "ids",
							"value": "2,3",
							"disabled": true
						},
						{
							"key": "username",
							"value": "李",
							"disabled": true
						},
						{
							"key": "nickName",
							"value": "2"
						},
						{
							"key": "pageSize",
							"value": "1"
						},
						{
							"key": "pageNum",
							"value": "1"
						}
					]
				}
			},
			"response": []
		},
		{
			"name": "插件创建",
			"request": {
				"method": "POST",
				"header": [
					{
						"key": "Content-Type",
						"value": "application/json"
					}
				],
				"body": {
					"mode": "raw",
					"raw": "{\n\t\"name\":\"测试插件\",\n\t\"url\":\"ddd.zip\",\n\t\"icon\":\"a.jpg\",\n\t\"vsersion\":\"2.1\",\n\t\"tags\":\"标签\",\n\t\"description\":\"不错\"\n}"
				},
				"url": {
					"raw": "http://localhost:8041/my/plugin/create",
					"protocol": "http",
					"host": [
						"localhost"
					],
					"port": "8041",
					"path": [
						"my",
						"plugin",
						"create"
					]
				}
			},
			"response": []
		},
		{
			"name": "插件删除",
			"request": {
				"method": "POST",
				"header": [
					{
						"key": "Content-Type",
						"value": "application/json"
					},
					{
						"key": "token",
						"value": "eyJ1c2VySWQiOjEsImFsZyI6IkhTMjU2IiwidHlwIjoiSldUIn0.eyJuYmYiOjE1MzY4OTIyMDgsImlzcyI6Imh0dHA6Ly93d3cuYmx1ZXRoaW5rLmNuIiwidHlwIjoiSldUIiwiZXhwIjoxNTM2OTAzMDA4LCJhbGciOiJIUzI1NiIsImlhdCI6MTUzNjg5MjIwOH0.mLt4bthKvFo0_Y9-Offc8S64Ey1fK11pakbzwzCUxsY"
					}
				],
				"body": {
					"mode": "raw",
					"raw": "{\n\t\"id\":5\n}"
				},
				"url": {
					"raw": "http://localhost:8041/my/plugin/delete?id=5",
					"protocol": "http",
					"host": [
						"localhost"
					],
					"port": "8041",
					"path": [
						"my",
						"plugin",
						"delete"
					],
					"query": [
						{
							"key": "id",
							"value": "5"
						}
					]
				}
			},
			"response": []
		},
		{
			"name": "插件查询",
			"request": {
				"method": "POST",
				"header": [
					{
						"key": "Content-Type",
						"value": "application/json"
					},
					{
						"key": "token",
						"value": "eyJ1c2VySWQiOjEsImFsZyI6IkhTMjU2IiwidHlwIjoiSldUIn0.eyJuYmYiOjE1MzY4OTIyMDgsImlzcyI6Imh0dHA6Ly93d3cuYmx1ZXRoaW5rLmNuIiwidHlwIjoiSldUIiwiZXhwIjoxNTM2OTAzMDA4LCJhbGciOiJIUzI1NiIsImlhdCI6MTUzNjg5MjIwOH0.mLt4bthKvFo0_Y9-Offc8S64Ey1fK11pakbzwzCUxsY"
					}
				],
				"body": {
					"mode": "raw",
					"raw": "{\n\t\"id\":5\n}"
				},
				"url": {
					"raw": "http://localhost:8041/my/plugin/delete?id=5",
					"protocol": "http",
					"host": [
						"localhost"
					],
					"port": "8041",
					"path": [
						"my",
						"plugin",
						"delete"
					],
					"query": [
						{
							"key": "id",
							"value": "5"
						}
					]
				}
			},
			"response": []
		}
	]
}