<?xml version="1.0" encoding="UTF-8"?>
<!DOCTYPE mapper PUBLIC "-//mybatis.org//DTD Mapper 3.0//EN" "http://mybatis.org/dtd/mybatis-3-mapper.dtd" >

<mapper namespace="com.bluethink.mapper.PluginMapper">
    <resultMap id="PluginResultMap" type="com.bluethink.model.Plugin">
        <id column="id" property="id"/>
        <result column="user_id" property="userId"/>
        <result column="name" property="name"/>
        <result column="icon" property="icon"/>
        <result column="vsersion" property="vsersion"/>
        <result column="tags" property="tags"/>
        <result column="description" property="description"/>
        <result column="create_time" property="createTime"/>
        <result column="update_time" property="updateTime"/>
        <result column="del_flag" property="delFlag"/>
        <!-- <collection property="user" column="user_id" select="com.bluethink.mapper.UserMapper.queryById"/> -->
    </resultMap>
    
    <sql id="TABLE_NAME">
        t_plugin
    </sql>
    <sql id="TABLE_COLUMNS">
        user_id,
        name,icon,
        vsersion,
        tags,
        description,
        create_time
    </sql>
    
    <insert id="save" parameterType="com.bluethink.model.Plugin" useGeneratedKeys="true" keyProperty="id" >
        insert into <include refid="TABLE_NAME" />(
            <include refid="TABLE_COLUMNS" />
        ) values(
            #{userId},
            #{name},
            #{icon},
            #{vsersion},
            #{tags},
            #{description},
            now()
        );
    </insert>
    
    <select id="query" resultMap="PluginResultMap">
        select * from t_plugin
        <where>
            <choose>
                <when test="id != null">
                    and id = #{id}
                </when>
                <otherwise>
	                <if test="userId != null and userId != ''">
	                    and user_id = #{userId}
	                </if>
                    <if test="name != null and name != ''">
		                and name like concat('%',#{name},'%')
		            </if>
		            <if test="tags != null and tags != ''">
		                and tags like concat('%',#{tags},'%')
		            </if>
                </otherwise>
            </choose>
        </where>
    </select>
    
    <update id="update" parameterType="com.bluethink.model.Plugin">
        update t_plugin
        <set>
            <if test="name != null and name != ''">
                name = #{name},
            </if>
            <if test="icon != null and icon != ''">
                icon = #{icon},
            </if>
            <if test="vsersion != null and vsersion != ''">
                vsersion = #{vsersion},
            </if>
            <if test="tags != null and tags != ''">
                tags = #{tags},
            </if>
            <if test="description != null and description != ''">
                description = #{description},
            </if>
            update_time = now()
        </set>
        where id=#{id};
    </update>
    
    <delete id="delete">
        delete from t_plugin where id=#{id}
    </delete>
    
</mapper>




